question_text,pub_date
Optimized dynamic pricing structure,2022-01-29 22:35:36
Fully-configurable 4th generation model,2022-05-21 14:49:13
Universal actuating framework,2022-10-09 04:04:00
Grass-roots 24 hour implementation,2022-04-07 03:30:42
Intuitive regional paradigm,2022-09-15 13:44:11
Virtual next generation project,2022-05-26 03:30:56
Persistent directional archive,2021-10-26 04:03:43
Persevering dynamic middleware,2022-03-12 04:40:26
Multi-lateral bandwidth-monitored secured line,2021-11-10 00:20:21
Virtual mobile adapter,2022-04-06 03:13:38
Seamless intermediate algorithm,2022-02-20 01:10:41
Quality-focused exuding instruction set,2021-11-02 11:17:08
Distributed bandwidth-monitored framework,2021-12-20 01:22:02
Public-key 5th generation flexibility,2022-09-16 10:42:41
Enterprise-wide mission-critical functionalities,2022-06-15 20:05:17
Synergistic contextually-based protocol,2022-08-19 14:22:46
Optional empowering Graphical User Interface,2022-09-20 22:06:38
Organized actuating projection,2022-07-10 11:03:52
Stand-alone logistical knowledge base,2022-07-05 12:23:40
Switchable responsive pricing structure,2022-06-24 13:37:18
Advanced incremental ability,2022-01-05 23:54:10
Synergistic tertiary focus group,2022-03-11 11:37:40
Re-contextualized client-driven encoding,2022-07-09 11:37:47
Advanced 4th generation portal,2022-05-08 15:19:47
Down-sized needs-based architecture,2022-01-07 00:46:08
Managed logistical capability,2021-12-09 11:09:49
Universal mission-critical budgetary management,2022-07-21 13:16:29
Multi-tiered even-keeled ability,2022-08-27 06:43:49
Realigned explicit application,2021-11-11 13:46:58
Organized dedicated matrix,2022-01-01 17:04:43
Total 6th generation moderator,2022-02-01 23:23:38
Switchable scalable budgetary management,2022-05-29 13:12:28
Ameliorated mission-critical flexibility,2022-10-14 07:03:49
Devolved next generation structure,2022-07-07 02:16:19
Decentralized 4th generation approach,2022-06-27 00:48:31
Managed zero tolerance neural-net,2022-01-31 23:11:48
Integrated hybrid functionalities,2022-05-28 10:42:08
Reverse-engineered radical customer loyalty,2022-05-22 02:01:12
Exclusive stable intranet,2022-02-18 21:21:04
Reverse-engineered zero administration architecture,2022-04-08 13:07:18
Right-sized disintermediate budgetary management,2022-04-11 11:43:47
Realigned asynchronous database,2022-08-21 12:01:07
Quality-focused encompassing ability,2022-02-18 03:40:40
De-engineered motivating focus group,2022-10-03 16:08:37
Inverse global projection,2022-09-30 18:08:28
Up-sized empowering support,2021-12-16 01:27:27
Organized scalable initiative,2022-07-05 01:57:34
Multi-layered clear-thinking neural-net,2022-03-09 07:43:23
Advanced leading edge definition,2021-11-15 16:09:48
Business-focused bifurcated system engine,2022-07-08 08:25:39
Sharable multi-tasking process improvement,2022-05-02 18:35:53
Profound methodical database,2022-09-27 16:22:14
Universal discrete instruction set,2022-01-15 10:22:56
Synchronised stable forecast,2022-01-06 17:19:49
Customer-focused tertiary ability,2022-01-02 07:26:49
Phased high-level open architecture,2022-09-03 16:08:39
Re-contextualized disintermediate encryption,2022-05-21 07:30:33
Seamless composite success,2021-11-28 13:15:30
Sharable leading edge contingency,2022-08-12 12:21:04
Synergized encompassing archive,2021-10-21 10:22:01
Self-enabling content-based complexity,2022-09-05 06:04:56
Operative upward-trending archive,2022-02-01 17:14:17
Open-architected didactic Graphical User Interface,2022-07-02 07:27:09
Down-sized transitional moratorium,2022-04-27 22:06:01
Optimized holistic ability,2022-05-18 14:17:39
Inverse tertiary paradigm,2022-06-22 21:51:59
Pre-emptive explicit data-warehouse,2022-04-11 04:54:32
Ameliorated content-based system engine,2021-10-29 06:45:48
De-engineered asymmetric hub,2022-08-24 22:57:52
Persistent web-enabled capability,2022-05-14 00:24:28
Extended well-modulated model,2022-06-07 07:51:22
Optional content-based knowledge user,2022-07-20 00:08:09
Reverse-engineered demand-driven migration,2022-09-30 17:33:58
Robust bandwidth-monitored alliance,2022-04-06 22:41:37
Inverse content-based installation,2022-08-06 20:08:40
Progressive national standardization,2021-12-15 03:19:13
Business-focused actuating superstructure,2021-11-15 21:51:42
Switchable global hierarchy,2022-02-05 20:30:52
Fully-configurable zero tolerance extranet,2022-03-23 11:54:59
Multi-channelled local moderator,2021-11-19 11:52:58
Mandatory contextually-based paradigm,2022-05-25 08:03:28
User-friendly 24 hour initiative,2021-12-18 04:04:52
Ameliorated fresh-thinking matrix,2022-05-14 01:54:54
Public-key web-enabled definition,2022-07-27 17:18:26
Inverse systematic software,2022-08-09 20:11:52
Self-enabling client-driven matrix,2021-11-07 19:01:10
Switchable heuristic strategy,2022-10-05 18:50:51
Adaptive systemic support,2022-06-27 10:34:00
Stand-alone clear-thinking time-frame,2022-03-31 07:35:50
Optimized system-worthy open architecture,2022-08-11 19:55:42
Stand-alone web-enabled portal,2022-05-14 02:10:36
Multi-lateral encompassing installation,2022-05-05 13:51:25
Visionary uniform customer loyalty,2022-05-18 17:10:40
Reactive tertiary hardware,2022-09-21 21:24:36
Triple-buffered composite moderator,2022-02-05 02:08:08
Right-sized uniform knowledge user,2022-08-15 12:36:19
Extended multi-tasking extranet,2022-01-17 19:34:13
Realigned responsive strategy,2022-09-20 13:33:50
Adaptive homogeneous hierarchy,2021-11-07 17:14:00
Function-based solution-oriented concept,2021-12-11 22:25:27
